{"cameraMode":{"drawMode":0,"name":"Shaded","section":"Shading Mode"},"sceneLighting":true,"audioPlay":false,"sceneViewState":{"showFog":true,"showMaterialUpdate":true,"showSkybox":true,"showFlares":true,"showImageEffects":true,"showParticleSystems":true},"in2DMode":false,"pivot":{"x":80.92607116699219,"y":38.40604782104492,"z":0.0},"rotation":{"x":0.1642225980758667,"y":-0.018690958619117738,"z":0.0031074462458491327,"w":0.986238956451416},"size":343.1573791503906,"orthographic":false}