{"cameraMode":{"drawMode":0,"name":"Shaded","section":"Shading Mode"},"sceneLighting":false,"audioPlay":false,"sceneViewState":{"showFog":true,"showMaterialUpdate":true,"showSkybox":false,"showFlares":true,"showImageEffects":true,"showParticleSystems":true},"in2DMode":false,"pivot":{"x":4.53000020980835,"y":-0.9970800876617432,"z":-30.389999389648439},"rotation":{"x":0.12471681088209152,"y":-0.5187356472015381,"z":0.07680816203355789,"w":0.842294454574585},"size":4.137563705444336,"orthographic":false}